,x,y
0,1.7255077401365981,-0.04320694931570604
1,-0.8265174341095991,0.5590840153286158
2,1.964777201361251,0.21781689086257913
3,1.4535293376217455,-0.3983443273569584
4,0.03024752668414481,0.4650119160976869
5,0.8998653630025436,-0.5612576584471652
6,0.17548248883414502,0.12168375812043597
7,0.041717165980815096,0.16124744447955278
8,-0.1595929912577614,0.9515742416861742
9,-0.44896528391798496,0.7891338754900307
10,0.4545145992497232,-0.38283051570079357
11,0.08943026396121712,0.1882652196953709
12,1.9387818194425437,0.24764607814207124
13,-0.15016728341703164,0.8322225687136346
14,1.0493311813183623,-0.49261240507814885
15,1.430284463093325,-0.4187302926032144
16,0.32151500730044785,-0.2503073513036397
17,-0.4082709805394945,0.8966652893160885
18,-0.9563200716830302,0.26366185761262323
19,0.5151520938580533,0.8614309965165022
20,1.0637570663334825,-0.04333837116838632
21,0.03259911134964945,0.4362343914429041
22,0.4729651091943644,0.9507706581465054
23,2.0000472579720103,0.37462759640367094
24,-0.04318665573118022,1.0307178595828197
25,1.9041637897918353,0.09870925507643696
26,-0.2570032170371949,0.9614357863436057
27,-0.42310652599336707,0.8499608443079651
28,-0.031142821542179584,0.9508115391057704
29,1.2343117597738942,-0.4020911770328708
30,1.9104951083470538,0.29050334359152774
31,0.031012458512751962,0.46870045102106017
32,0.871546796555021,0.3161186526188142
33,-0.8990718107247524,0.45630252775758084
34,-0.9124436839120338,0.07134252691840788
35,-1.01317285551837,0.21946301879025526
36,-0.8911409804285503,0.38664213498089883
37,-0.9534372479086781,0.30877145426684793
38,1.6514446372845697,-0.2354144620867878
39,0.9200770642491626,0.1519355044214299
40,0.1493591814762975,0.06194980665583896
41,0.9578794180844951,0.05149164721438797
42,0.4783181035955852,-0.264332973813051
43,-0.08423554106987878,0.9819064587123458
44,0.6101540757391326,-0.47953053846614513
45,0.5101592637533484,-0.5219534738957404
46,0.04460354092462571,0.27222190322358314
47,1.1252650242067497,-0.48015232113149936
48,0.438050413147422,0.8511224326118231
49,0.9245682095163321,-0.504462845930551
50,-0.6528660788913996,0.6927066134259351
51,-0.6443701238526833,0.7256259292227949
52,0.14114989601115496,-0.09892170349828326
53,0.870558847775574,0.42965729511186024
54,1.5530054494938716,-0.33253421246129083
55,0.2336087689846464,0.9291629646848929
56,1.8713820721321823,0.037883746768055726
57,0.9988881430815185,0.03131015510719671
58,2.0066026131733787,0.41280673163345744
59,0.4992494829067041,-0.35248516976146255
60,0.2783336745548846,1.02570294922412
61,0.8370924708960639,0.34576830143918774
62,0.6143869812716116,0.7825846698926049
63,0.6958844074219281,-0.5024034801879811
64,-0.7575110212537076,0.6519711966646995
65,-0.44392557043696157,0.923152138369092
66,-0.40833121009563433,0.942627478641808
67,1.0585892336874612,-0.4604887979474809
68,0.03674263700011368,0.42256912780036193
69,-0.7724575964992003,0.5332502802435931
70,1.4739715744707458,-0.36095632014069656
71,1.817913482450113,-0.07978394319397775
72,1.7617619949496597,-0.19210265508899357
73,0.8474806653687292,0.44292970479736693
74,1.3775482249908841,-0.4419895080062495
75,0.9129324246603663,-0.542211660990316
76,-0.7576560326378704,0.7399980530448822
77,0.6501323442215646,-0.3532574125371367
78,0.8896361208892097,0.4495651486706326
79,0.661599731851491,-0.4240070729463071
80,0.9396178067572002,0.36146890944676313
81,-1.0216907472720493,0.09191051770686184
82,1.2064185675914418,-0.47737755457165065
83,0.616035056832508,-0.39530632161245305
84,-0.8203542412295886,0.5953270058339283
85,0.5357655154812566,0.8221084931994832
86,0.46815993699778463,0.8689151379626621
87,1.3191027664942123,-0.35176623775866495
88,1.552167638056129,-0.29657600591890776
89,-0.9319319919043486,0.3316824678242212
90,-1.0797002131571523,0.14945538695051105
91,-0.8372557338175878,0.5314640044204249
92,0.7099135745810742,-0.5408086872679341
93,0.10758601440197006,0.0216776711811062
94,0.020937617523565405,0.34415661875031117
95,-0.9784751766088582,0.22098641002837643
96,-1.0010904983811049,0.3225398848179387
97,-0.3506073617133849,0.8730179676002425
98,-0.11034977787522024,0.9503636784102111
99,0.020474859183566882,0.2703216029746874
100,0.6918075096451622,-0.3879683841763631
101,1.3033803128952324,-0.39070211003935706
102,0.0017944819511693938,0.9950142736238309
103,0.11730359341935451,0.13984995856839655
104,0.8964488714351501,0.07729343417955317
105,-0.9862419488179346,0.22059355218251245
106,-0.3411402636000327,0.9219446291454549
107,0.4928530772588135,0.9024179110670931
108,0.8965614684640306,0.5494397312863647
109,-0.06811576890644558,0.8731048777965371
110,1.0457187065425568,0.13259259935063714
111,1.2312734609469684,-0.47878611950411837
112,0.48922838196204127,0.8106418085567935
113,1.5403187700012833,-0.2631734680649737
114,0.35033287254429424,0.9033444948309703
115,-0.9160450655166283,0.3513109576761859
116,1.9837920343506052,0.383990394480558
117,0.31281518002639425,0.9535372924015387
118,1.1087658306323207,-0.49958682079857497
119,0.4040277554893557,0.9378849437545574
120,1.5792867179820826,-0.33894947545466897
121,0.19032702263578397,0.9886878599825115
122,-0.301343746293703,0.933531351433737
123,1.3998161593654752,-0.41323343161729365
124,0.367059789696703,0.8363727583822964
125,-0.4074114890695165,0.8427153421699464
126,0.1451110808909889,0.03879221841385691
127,0.971265887022905,0.3092653766296656
128,1.5325279187475087,-0.3096333520389977
129,0.6726981933566131,0.8367125672871512
130,-0.8085300480792423,0.6331242189177688
131,-1.0355702885972315,0.21730045052876354
132,0.1789687921365893,-0.0797051983300392
133,1.6913275092383562,-0.20946966919753068
134,-0.9877381504420424,0.21301170720677198
135,1.6005564783666428,-0.36953621242257356
136,1.4533290209977243,-0.42170109132685146
137,2.0049483004167397,0.3117290825538042
138,1.0184891094459758,0.03737431134618271
139,1.9398269593044648,0.03141972374243645
140,0.010587969156255012,0.2514125662931858
141,0.3601467122626073,-0.1429528978114646
142,0.6826064290772653,0.7418979712543992
143,0.9817924719480007,0.23954361534108792
144,0.8300818329727845,-0.5140971868893603
145,1.941513371542245,0.18431463120652825
146,1.9147329649548794,0.24385859301121782
147,-0.6365709096978077,0.783204236817021
148,0.17909844603778227,0.9347187845334713
149,0.5489422035289517,0.7917703732981165
150,0.305600152071217,0.9574230295057977
151,0.15375218750933006,0.9630015273612893
152,0.9012748530947639,-0.5801666852440316
153,1.6202462598325929,-0.24999901230263438
154,-0.28651439984001115,0.8705746417428544
155,0.32427650210276165,0.9429203930745158
156,0.2785858874763823,-0.19113141207724602
157,-0.9711789276998574,0.4400921654649955
158,-0.8283373160959598,0.5287332602132213
159,0.4603283856216789,0.8988938764201589
160,0.8395961575305112,0.7896300710627508
161,1.0200628737561273,0.09334307999367505
162,0.8395269490786551,0.5733267375207771
163,1.0735596355409258,-0.5185648797695194
164,1.3695691014730111,-0.41278570053952857
165,-0.752359115368856,0.6553470045380118
166,0.3665602887795985,0.9264484639858488
167,0.5257400825959745,0.9743092363547111
168,-0.02582283039532916,1.0301439555333491
169,1.707994106542075,-0.25170485792962394
170,0.7610478749529072,0.5807155523586032
171,-0.24523983824609544,0.9239698671125812
172,-0.16819071200693264,0.9549375357407544
173,-0.9023916509216208,0.19625143185204533
174,0.5553482917400709,-0.450326980740837
175,1.0003005254423538,0.1177567539404208
176,0.3240610291606734,0.8971564573198231
177,0.7190331933004251,0.6167947453711581
178,0.6917761826681671,0.7810954648063476
179,0.5910968929980933,0.8268088043732201
180,0.5843562651956855,-0.4538210388088653
181,1.5258552124473974,-0.319943938232836
182,0.14065068294911154,0.9238662944631529
183,1.9310281682510417,0.019630325936909207
184,-0.8386862117005561,0.5426581841134537
185,0.03379295649938468,0.3027433088483348
186,-0.8053480570589527,0.5532759338198764
187,1.8032148537398098,-0.14037006526907125
188,1.7791833386431726,-0.09580667727077169
189,-0.7667188935432859,0.5129156021634598
190,0.4645998990082597,0.8957730853953768
191,1.4281590383267824,-0.3459035424688742
192,-0.7519924406321389,0.635127708113934
193,1.7006304320438477,-0.11151474608153308
194,-0.9403644586661368,0.07885954114939654
195,0.3182667535719431,-0.2397106731345429
196,-0.8062040804192857,0.6110987263326234
197,-0.37174407357519534,0.8703766906815453
198,0.018653158611696915,1.117818416072383
199,-0.932303964708439,0.3481333608320297
200,1.9137569290338836,0.04050372362499111
201,0.920397580834764,-0.5295227443320828
202,0.6268013754330674,0.8082146747574498
203,0.8878551195412794,-0.40610475489590253
204,-0.5042580700680347,0.8213255836075297
205,-0.41822128951393245,0.8517269772844469
206,-0.4993132247010332,0.9199993303184998
207,0.4030387512674167,-0.22121541922036408
208,1.921091350348937,0.3388460400972147
209,-0.40821716307100964,0.9389121045334496
210,1.6056322032946633,-0.21794159550258385
211,1.9750491792994678,0.5031766987933615
212,0.8343591127706459,-0.48625484856144224
213,0.9689385370350299,0.518460772289145
214,0.09988684966080648,-0.029485108470218117
215,1.4594412225333442,-0.4610650050093125
216,0.606764880696968,0.8173326937412018
217,0.892611704962783,0.4486612095354058
218,0.7982522084600013,0.5858627894209673
219,0.8676636582114872,-0.39856183017175245
220,0.5346329687300719,0.7530649846025996
221,0.8061548050267817,0.6316989231760398
222,0.9866636176501032,-0.517213535434727
223,-0.9524917136730785,0.1505072914913589
224,0.30033154595369677,-0.17224214224445195
225,0.4017397440746934,0.8815261420227762
226,1.8465676758983554,-0.1659317640024786
227,1.027212998502541,-0.4837503655787329
228,0.41834088033077366,-0.23719684286251444
229,0.611758903374608,0.7939020793947169
230,-0.7356402949593536,0.7413760808724105
231,0.6301952529174162,-0.46229720145050807
232,-0.814477882391403,0.40208934876573965
233,1.6119031771480923,-0.24507731190882484
234,0.17552099333002208,-0.18667697758869023
235,0.30669294201235014,-0.217681666844302
236,-0.6554244790063083,0.6823955170942156
237,-0.9340355521464592,0.3282076777390939
238,0.8002607855587075,-0.49475601375432493
239,0.31861836013865635,-0.24860174266417506
240,0.6618935222950598,-0.4713990766384121
241,0.3270332493722762,0.9850280011530049
242,0.8456183316410799,0.5071484123178422
243,0.7529200108677311,0.6761476709655055
244,1.0382284743384933,-0.45063102063876925
245,1.9358608096028302,0.07871148752899895
246,0.8299170144493339,-0.45486989939237027
247,0.10857574854292218,0.10166587870317467
248,0.48606543393836416,-0.4810883232842805
249,0.2231302616267336,0.8654885979844109
250,1.1980229610453788,-0.48294474161647094
251,2.1015248164698432,0.33637420280354774
252,0.5470663919438002,-0.3681050658592847
253,-0.6346120312456403,0.7788182136782241
254,0.7192433200434829,0.6783461897909002
255,-1.00480420192525,0.24496688728383126
256,-0.68152227345176,0.6497962935113271
257,0.8702566234057397,0.16219244706413902
258,0.9051704478707019,0.6014995449314868
259,-0.0705928759080803,0.26228945196220904
260,1.692506485716127,-0.24913731599510278
261,1.937254472763318,0.2725475122195665
262,1.992389325299757,-0.03152369774380316
263,0.8656516185674035,0.5300812408131074
264,0.6776741818086423,0.6883325024298884
265,1.3634845559579756,-0.48323721419375676
266,-0.015288819747197063,0.9921794790963774
267,0.06958297106146755,0.2489491398679932
268,0.07259441114023905,0.38252082801573567
269,0.7238250930571201,-0.5028125719647973
270,-0.7423694682149498,0.5207833420230373
271,0.37129133038108375,0.9026175802522154
272,1.5630626365859714,-0.39828582005690033
273,1.9860817647254756,0.19527385749928716
274,-0.862149515182736,0.44389452253091266
275,0.020969216177548364,1.0097044695214474
276,2.015900257131363,0.4507363467529079
277,1.9905137208262236,0.16910988857034984
278,1.759125811424511,-0.28563233427443624
279,0.8675359422806656,-0.5425092745315314
280,0.26882587018534404,0.961816079130664
281,0.29028596583247585,-0.19081402048339816
282,0.1514888854798794,0.05926423677282958
283,0.2685422680281652,-0.21658560476066901
284,0.6696813974274257,-0.43838416619000536
285,1.9642446210508746,0.0229638390458965
286,1.1518693640957807,-0.3832007787435713
287,0.8334568214571684,0.5233742243370704
288,0.07078352599733011,0.06717023867629449
289,0.9867128419050014,0.16650572456779214
290,0.668716487609131,0.7289534647516313
291,0.7468982197635262,-0.6365576451821249
292,0.8359229935275707,-0.5085261501934558
293,0.07900073889566489,0.057536761216457004
294,-0.16880163441073517,0.9968665891211552
295,0.9535409825533615,0.19886872014092954
296,1.02655990025152,0.15421404610255626
297,-0.9874715326462258,0.19966765187832103
298,0.1733227966797253,-0.11543082882713161
299,1.3632377656992476,-0.49454042072077115
300,2.001335328423062,0.40281777990819195
301,1.9501793750124508,-0.027044684675137924
302,-0.015254195747261636,0.9820884644831539
303,-0.04595459845289858,0.2468229069989613
304,-0.6249265289180134,0.7150493573747803
305,0.13193619143612445,-0.0028186027737501073
306,0.039989192679365196,0.24012301461190705
307,0.982707978285623,0.16847997135072865
308,0.1807516428192263,0.9494798103540001
309,-0.7910821187297761,0.5615234311423806
310,0.010369566575905584,0.1336371411452
311,-0.9224153482662134,0.1626653520329557
312,0.41076841349614446,0.8754913373138966
313,0.1255727130789156,-0.15379387412089277
314,0.7328555346154507,0.6678517814764117
315,-0.5311681557561511,0.8791787665017065
316,1.9130708915879617,-0.015571158074549514
317,1.6826407584931389,-0.23094575677425605
318,0.832277488534579,-0.3889386382956852
319,0.6630882158308664,0.7481401252962449
320,-0.023566997969670503,0.24916401827890367
321,-0.5480762892422318,0.871876093387977
322,-0.5463471579707665,0.8613043676371462
323,0.0732551001505026,0.3581432006702811
324,0.5377858390759286,0.861227193694697
325,0.05967391517889012,0.5677494970798566
326,0.5065816366803517,0.9443616841419163
327,0.1723681019739086,0.9803990465858953
328,-0.8075105862497083,0.7597277340626782
329,0.5806667056623921,0.7535983322919597
330,1.6572699021583925,-0.16806458104775962
331,0.5748622536817707,-0.30334720044853947
332,-0.9675110878046903,0.2580594018116144
333,0.6819556900052508,0.7797610517193443
334,0.6226681306416693,-0.43915167032904023
335,-0.4402483712974668,0.947168920271145
336,0.4499778270822627,0.8931085877412087
337,0.953947908832178,-0.4687017837354516
338,0.6934835835694046,-0.4783383394078632
339,0.4510888798932784,0.8197932141002217
340,0.8500573917017128,0.3633716411594504
341,1.9201292409244828,-0.04156073813050773
342,-0.0232092915394786,0.23221311091824798
343,0.05725919484998676,-0.01183242554932143
344,0.95723472088448,0.2704984457912954
345,0.38279805471348516,-0.37940290066207166
346,1.8882849899234686,-0.013982603208999599
347,-0.3490736116605168,0.9334607065128834
348,1.8690846294501546,-0.0984718498032789
349,1.0079717617979702,-0.03852071449603438
350,0.5607122830118662,-0.4061861690374901
351,0.9174461139662055,0.30741831391176466
352,0.6812027445738269,0.7895339620218322
353,2.007402477976154,0.34395488708573824
354,0.3263447460672423,0.9861448118366277
355,-0.989300917054949,0.321151361419962
356,-0.3812026340346251,0.9524924778782852
357,0.09232176634753379,0.9372772105840146
358,2.0058634256650016,0.41638512707764613
359,0.3730645742711948,-0.3694165191663757
360,0.7603424452761558,-0.45921025492888257
361,-0.27545490851649634,0.9833149286892527
362,0.3061799083371449,-0.22389069924943739
363,0.027896345876693575,0.9942296071570648
364,-0.39127126345015867,0.9123088088598681
365,1.2673301694653858,-0.5035748403694131
366,-0.9163786765601011,0.36025703929681435
367,0.22267049837991698,1.0090620620641892
368,1.840346147652692,-0.16516260645466085
369,0.07283024240808576,0.42627905387299675
370,0.920654951793614,0.35680017614268467
371,0.3331014646873077,0.9570839174598986
372,0.11264128558683212,0.4725689144769669
373,0.9815531751431249,0.14229861828791146
374,0.18048880983054658,0.9791390101495072
375,0.8925368279878463,0.3895183757612243
376,0.4847972911567324,-0.21003538686106002
377,0.06525723219008368,0.24755116958366788
378,0.4607630762677685,0.8463770557144698
379,-0.9482777664651709,0.17810133762260422
380,1.0223931825072066,0.0601800704980871
381,1.05899259762065,-0.4224885104360723
382,0.7946554892719994,0.6785162026003394
383,0.986445169236043,-0.46297705642135645
384,0.01740207993498385,0.2547374972951261
385,-0.6175932574595566,0.862915355761259
386,0.10682366042994385,0.9229871433111159
387,-0.8924784370656453,0.3941615163348935
388,-1.0320366894191924,0.09051296417810206
389,0.8325210860797224,0.5762436671692697
390,1.5946247022791367,-0.2904280450168273
391,-0.9126507546731069,0.5618734126158453
392,-0.9552709022888599,0.2156315879407838
393,0.9033668886192218,0.6114153492247933
394,-0.07544381182939278,1.0061244084752852
395,0.6463031539470708,0.7625595720884151
396,1.0713831877020459,-0.4667719539327605
397,0.16840828532445012,0.8981883838100586
398,1.694842651025745,-0.26450261455787333
399,0.846923263912245,0.7233462009479709
400,-0.9499881383359526,0.19504900774447329
401,0.9567992484218336,0.4447748828243065
402,0.7366588392726872,0.5731218114043819
403,-1.010411547555466,0.04925433727887951
404,-0.01781662530420844,0.978415215262777
405,0.9770345694904378,0.08882716531513628
406,0.6430027745890533,-0.37416346722623167
407,0.5453732209896791,-0.4181843157956856
408,0.8035513251634827,0.6606318421872124
409,0.017783513919015392,0.3734016614547442
410,0.9645266825269901,0.14538626297000024
411,-0.9434257620024822,0.2937413354315271
412,-0.00968432010854562,0.2395409590441684
413,0.01669297680687763,0.22054450232414377
414,1.9233065414661956,0.3496135172424897
415,1.8706752487326166,-0.14077224594779242
416,1.754042649202821,-0.05169554764834228
417,0.6454370746180327,0.8168432570285568
418,0.9997692025940899,-0.5224530341436674
419,0.8657652121928558,0.45357783560908305
420,1.059352371512714,-0.49003244556832437
421,1.0772823205611637,-0.573336063776167
422,-1.0548358226999537,0.0024409565220592615
423,1.8294912878898792,0.10272016532903652
424,0.26746846643683986,1.0048530088201695
425,0.11954147758852787,0.12674107102371676
426,0.014901822277310808,0.19387616478750241
427,-0.2602029559550909,1.0249087490873818
428,0.024702961769209685,0.13980828792444847
429,1.0515370176631313,-0.6151974767778227
430,0.11242024244361348,1.007541189094922
431,0.03980145527302398,0.18225012890582087
432,0.8384907350063009,0.4902715956786713
433,0.2557700573692979,-0.1807574252336056
434,0.42429063369220543,-0.24319581717468008
435,0.5447903994825556,-0.3655195973158617
436,0.9821813515888015,0.1106208696044498
437,-0.8976486518614257,0.5821568274821417
438,0.014427138333974219,0.3836711625228643
439,0.9823386589133004,-0.48959831974563484
440,0.8042137515189772,0.604699845180827
441,0.029581705731706494,0.437461379006442
442,0.05049378352952329,-0.035601431924997234
443,1.6123284458084515,-0.3075441086548544
444,1.4405239810603776,-0.45460188836491516
445,1.1283405672079379,-0.4555046495628858
446,1.007862421649402,0.19265143305168153
447,1.1742127573674561,-0.5321062266832197
448,-0.05335774365853883,0.3633111433145825
449,1.9156149125905984,0.2888708289907649
450,0.40612493150693696,0.8754781771836367
451,-0.348850833622215,0.8887675632813828
452,-0.6377729690465955,0.6805439736420525
453,1.2264060325414685,-0.49617617054013574
454,1.3753618298292722,-0.4268120853289304
455,0.8038361384262551,0.4077887429174726
456,1.4694297163384957,-0.37469282010873534
457,-0.4037825845403513,0.8985089514547734
458,0.2489126096650247,-0.16722108451358364
459,0.56234966126381,0.7925279184095878
460,1.4048672958197255,-0.39185016550119395
461,-0.4304193550233519,0.9248398001741577
462,1.8488125422151964,-0.02895137387046655
463,-0.91993098204225,0.08863471391023339
464,0.552676352956506,-0.4354288834929865
465,-0.6427630093044951,0.7047019844184019
466,-0.8854395055592107,0.37313447217720086
467,1.8433171861428688,-0.12094334986809721
468,0.6841074675222109,0.6798305195106588
469,0.9706596318033118,-0.5285907185595008
470,2.0426379446476783,0.32468085079834763
471,1.5725623462366014,-0.2832952334634478
472,0.8858350183134993,-0.4746880155081781
473,-0.6225080242140248,0.7933480862402129
474,-0.9905018678546404,0.5108326527574726
475,0.1445371714078889,0.11969813891244291
476,-0.4392594701380506,0.9300975307814734
477,1.8997042050133066,0.10679956076916976
478,0.932668557601455,-0.5250684986830069
479,0.909412786665205,-0.43256358897240976
480,0.5931318939781736,0.9273129038716741
481,0.2848391009656126,0.8941543640978649
482,-1.0949324767554014,0.1675423623405471
483,1.948761011369524,0.2594243627007754
484,-0.8876000421136231,0.5365665745637519
485,0.9707668349602794,0.17022910977389125
486,0.6221287778227219,-0.3800721203110416
487,0.837242594107325,-0.5203791265364203
488,1.0079372032872418,0.23214324699802866
489,2.0105396874616543,0.38290758519052537
490,0.7109764951555788,-0.43069933045481423
491,-0.026233966519071644,0.5071332887942723
492,-0.15936362486846353,0.9466359651661117
493,1.4469371191375524,-0.36807326073861946
494,0.09055926309795598,0.1158599390508995
495,0.1997863612932689,1.0121204503244674
496,0.1581670086754968,-0.032670402798494064
497,0.21782077703298802,-0.21066459958427272
498,2.0131073244554276,0.5272101910388551
499,1.1034259929806416,0.0654336358581707
500,1.5791165355010832,-0.3310264982695112
501,0.46248915132502566,0.9990975248141827
502,1.225764434311687,-0.44299734267383134
503,0.8466726185668992,-0.5085059802832013
504,0.9615558023129406,0.05553506437234253
505,0.9467864937520761,0.36661005184852347
506,1.9579329604051106,-0.00836145506590916
507,1.780129460325644,-0.1831627227449263
508,-0.21150968358572853,1.0189453140432205
509,-0.12147401716496725,0.9595829768087288
510,0.8569380640347979,0.39770881446729645
511,0.9796555930293869,0.25435568217858373
512,-0.7034380711191914,0.7129446271342007
513,-0.19731346061946475,0.997478690070621
514,-1.0044315352278255,0.41414380753122065
515,-0.8163613463480964,0.5771081680729871
516,1.3091258281391116,-0.5120993926894775
517,0.6960377595830192,0.7278304138021264
518,1.7850027689892585,-0.11168677065083259
519,0.004421665958099256,0.4122225019974793
520,2.051605956799962,0.30397652950629644
521,0.2085017185289071,-0.13123261067895928
522,-0.25909570064593185,1.0429194838725502
523,0.04002287346893742,0.2478503102042702
524,0.24012218188480186,-0.2337976354985641
525,-1.0519396583644454,0.18393048115834285
526,1.4776338520058725,-0.31970555053334104
527,-0.29021633046735684,0.9626830012349772
528,0.7072100868346797,0.6883060250088057
529,2.093000298786596,0.43286159020454906
530,0.2755353006646442,-0.08036667262123978
531,0.3776500554239151,-0.29985019900948784
532,1.7017062911331344,-0.06749961831826908
533,0.9669918861063185,0.10897945854575225
534,-0.9849757829427949,0.39027326029671594
535,1.9950092088607774,0.3213999965460463
536,1.8691343345700144,-0.12300428122713793
537,-0.1322439069044407,1.0825507582582503
538,0.18031315543114038,-0.10950819875259601
539,1.0374394089259154,0.43880283423115174
540,1.6959339208371094,-0.40134943155995595
541,-0.40482671249635815,0.9272463565724548
542,0.33359694714447985,-0.29323333607047314
543,1.7288907414315497,-0.20854461304298733
544,1.843481668638352,0.17129143772015837
545,0.6973462029250689,0.6711937978016588
546,0.6436784126914953,-0.24336417818416958
547,-0.9390479145093897,0.6073417526249643
548,1.825704823175648,-0.10325973710066909
549,0.48886575849264363,0.8988242003168279
550,-0.48199901078963364,0.9040824424163619
551,2.020038653434633,0.21598762584823838
552,1.8738663952388324,0.06795444228375858
553,0.8908460799936406,0.4876576984382509
554,0.2749175956450398,-0.2772691329811232
555,0.9073827460514243,0.1015022714706023
556,1.8596765684688144,-0.06574382605179671
557,0.9757083412329799,0.4124924376931225
558,0.9419868623774144,-0.5158173741591954
559,-0.054770328706170525,0.3871183133317287
560,-0.9305010924054733,0.1924051791094202
561,-0.5865909144128284,0.7961384717029765
562,-1.0023630328033069,-0.02474218713301073
563,0.09205201047007419,0.19634509996325974
564,0.45931671917334865,-0.2959360093355001
565,0.6064075184207053,-0.4344569271255266
566,1.0221827421763725,-0.48093167057130065
567,0.43882845952066335,-0.40654109191630755
568,-0.3693819305768306,0.9885576217772818
569,0.068937394853358,0.4050797855454046
570,1.868193530839453,0.06207072156618882
571,0.6612624651851312,-0.4557792452755215
572,1.3749306781131632,-0.48221777282978456
573,1.9378487863959686,0.15395156221018683
574,0.480860370965197,0.9267496236190068
575,0.07508196877370997,0.4386055716261738
576,0.30988710138974634,1.0726456686171737
577,1.01771919527549,0.14322973702578148
578,1.57234722631234,-0.3135884470032156
579,0.9141757066965541,-0.5223677818132412
580,0.9651396948749043,0.19303688448154205
581,1.5596493374567748,-0.2800754078351502
582,0.3441624177250275,-0.35284686670553844
583,-0.0020621668087055928,0.06818933450578386
584,-0.9343744168742545,-0.0295895633173026
585,-0.5726782905708128,0.8092064956984143
586,0.8585099244130705,-0.5754530522673847
587,2.0217944701441546,0.17110100235417963
588,0.7743725567644788,-0.5356061558321262
589,1.9789906579495682,0.47007721069318525
590,0.5484506849818829,-0.4053901446082684
591,0.2905450448325006,-0.17262488396872383
592,-0.8797158206824152,0.41176582810555806
593,0.65449248809911,-0.45003993264466274
594,1.1387872756971609,-0.5356212572817389
595,0.39890248587550264,-0.2736625857236608
596,0.5439089860333831,-0.29831744107848246
597,2.037952289709091,0.2119284295221731
598,0.7633601759191428,-0.3784388983660422
599,1.7995224345802068,0.0025806945521730795
600,-0.745251821196679,0.6072815596809942
601,-0.11530354730081155,0.41658127733091943
602,1.1353335635414952,-0.5032102549480089
603,-0.19694047002542736,0.8696563738314453
604,1.9856062201160685,0.4359995628795741
605,0.6786646434574745,0.6126358979355334
606,-0.9534912733044437,0.036743521572292624
607,0.9078073081041017,0.36921626378983713
608,-0.1936511400515147,0.9284718813723105
609,1.2305760599421043,-0.4567766908333478
610,0.03652620206226475,0.5046276605329868
611,0.12253091062634712,0.16995597776555343
612,-0.6902343146050836,0.7477039332288318
613,1.013015686857203,-0.01987343690715558
614,-0.038582215213095496,0.3142196388897813
615,-0.0433535291679892,0.9321665233537965
616,0.3531444421107023,-0.37853990255998154
617,1.8492640016140816,0.06104012323361204
618,1.7080706969368988,-0.17270756242780558
619,0.1575764618187268,0.14200976805786492
620,0.9350560240312109,0.06935542716056793
621,1.818594216465968,-0.04787433067953817
622,1.4552329181037789,-0.27409424883650424
623,1.3013451638195905,-0.4675433597182083
624,1.4674859951859922,-0.3069629586707944
625,0.7347554526799908,0.6774652940182164
626,0.9439842010718373,0.4511022075834448
627,1.925560517356422,0.1907322526770493
628,1.745739372095589,-0.34017409071916915
629,0.9284125826859664,0.26519461173207487
630,0.40372217746658945,-0.2772995310112092
631,1.9526525492120923,0.2260884103791178
632,0.8645278843193381,-0.5246620670229644
633,1.998596412180658,0.5373826235513127
634,-1.0076575133912675,0.1363449825352899
635,0.439656133838121,-0.1908608413671978
636,1.0521190761467898,0.22555713321598098
637,2.0697681434778423,0.46592608711959
638,0.6527791781376344,-0.46113376381592086
639,1.9858571175909896,0.42967688550220745
640,0.7788115077638688,0.4925965322889601
641,0.6070876486474832,-0.4410493139095483
642,0.8535210143776943,-0.5604248145437305
643,0.1927130029832726,-0.05918972093663753
644,0.43225793522005573,-0.2923395203180095
645,1.9598487233127315,0.34819682467663554
646,1.305322593105893,-0.38451211601600044
647,-0.6259108691453864,0.8632578285529422
648,0.1252252083030624,-0.04124300027715526
649,-0.8655635715645142,0.45245409787227087
650,0.6076030817502472,-0.42086538872652623
651,-0.13548081208612012,0.9752863666974069
652,0.06537491634099697,0.2116778417481533
653,0.4231620504664651,-0.3814016108434557
654,-0.07055466339592623,1.0181284014211225
655,1.3710475131639985,-0.506291203664547
656,-0.7197054330176434,0.6113068217531012
657,-0.19574840385967132,0.947167328434632
658,1.7885229892708296,-0.28179898395487935
659,1.7687459183822178,-0.2265575177260884
660,-0.6243856515351027,0.8641141999273688
661,0.1323718334747287,0.11622823655381816
662,0.967505441271919,-0.5102030052910003
663,2.011062164484373,0.29481379930044205
664,0.7361552034873059,0.4810874929310733
665,1.3797429460400268,-0.4017014521733206
666,0.5158044874037486,0.8372584797831295
667,0.13133816006223262,0.9935636453645598
668,1.4841068917624503,-0.3586538102537732
669,1.0776581693170457,-0.4366954937121911
670,1.1843481052477456,-0.3806400577587985
671,0.7957809675882761,-0.4499076388549527
672,-0.38325061466015914,0.8762791416160833
673,-0.643199488297821,0.6684045709663997
674,0.0824453800837078,1.0610073731687961
675,0.9719587216771534,0.19488153057135715
676,-1.1082759407594858,0.07587058717920792
677,0.235213642327681,0.9207292151348835
678,-0.6231946329378193,0.8121683505055409
679,1.2043920408222768,-0.4782792665933473
680,-0.7110222439847755,0.6905891897258238
681,0.9729785650112264,0.2456636519185127
682,-1.0026544727086224,0.07821429846128714
683,0.5011729738345203,0.8913594546111566
684,0.10144059740569064,-0.008160009110409665
685,0.13691422493266875,-0.021859032960571317
686,0.7930400134162415,0.7837083623803531
687,-0.6963032992742783,0.7984532610306554
688,0.943401617363114,0.2091667795698682
689,0.3848680397019727,-0.2680265588034607
690,1.9572585823201216,0.31834988598150066
691,0.07125914596724062,0.13638138859017754
692,1.8568790213351802,-0.12796878518632127
693,-0.04722259919691775,0.9602636912637771
694,0.9117625323086361,0.5820851314296316
695,0.4722082820655982,-0.4489479168912748
696,1.388592409697289,-0.4700901249564584
697,1.593484567035706,-0.3183820713296511
698,1.9235915458776773,0.4222689942018158
699,0.9393855360028176,0.35912361960665845
700,-0.13701852180999685,1.0421711508076585
701,0.17805608304769915,-0.11441134900313336
702,1.9813862029223568,0.11988796031641535
703,0.06611248209586607,0.4537819811229591
704,1.9961986570770638,0.4670736284607803
705,1.9767942188545955,0.37422849150259424
706,1.8267170208402763,-0.01953768030280493
707,-0.2787360981803102,1.011145904155258
708,0.3164600554804772,0.9575576241926419
709,0.3270998040327577,1.06601549872724
710,0.9645203155947275,-0.0062450233464073045
711,0.23735970800218498,-0.05386213307622609
712,0.9732092611754185,0.2991963107961513
713,0.3261321641055296,-0.23571356396216483
714,1.4300859434506616,-0.4641089657007821
715,-0.8488518007247712,0.3963220658395798
716,0.9912752014361423,0.30096396577137885
717,0.9935389573263878,0.19820568908815933
718,-0.9254025447161752,0.44810104691423097
719,-0.42775939366369553,0.8667828267990219
720,0.6251225320321674,0.8415508025576193
721,0.4773640184547444,0.8752208033364877
722,-0.10538119667161276,1.1133577854132788
723,-0.2857232093917976,1.0061517685866501
724,0.5138367376902668,0.7676776501505453
725,1.9935225714690368,0.10984351996744521
726,-0.46786341332198933,0.8849438955352816
727,0.08079249065270762,0.9708164688287954
728,-0.5185354204797973,0.8914848634606715
729,1.740392510069059,-0.10116016111674492
730,1.6312483960460549,-0.3802068450872257
731,0.2750500964296868,0.9721538538102391
732,0.2432563019028075,-0.20652968126464397
733,0.13748300966515262,0.05285973857404881
734,0.8390555842514802,-0.4581975502648049
735,-0.21669310465652777,1.0112652908033024
736,0.4145561328589237,-0.3068856877032984
737,-0.9965342286750056,0.09956942461310446
738,-0.7838739568201926,0.6301971539857811
739,-0.7606968007489301,0.4419873567007996
740,1.0606447119234201,0.32963121258376893
741,-0.9727767890076839,0.13517924885269494
742,0.12981977380195883,-0.049994580841957945
743,0.8998487766599678,0.3772796780976679
744,1.0485004074688689,-0.5950130534927781
745,-0.9787637549627062,0.26086345734918004
746,-0.8156749819771392,0.6948644805393275
747,0.7253518250737032,0.8075865094129594
748,-0.8611731991298621,0.44361541680018596
749,0.13924983974542698,-0.1311325109780386
750,0.19211226635826345,-0.021919712849454376
751,0.045947243734258,0.4901922228643645
752,1.7773249505153508,-0.20780590735378468
753,0.6488737780279129,0.7498267069333362
754,0.9533988861073311,0.44815809366728876
755,0.014782249157782895,0.4208837878959674
756,1.8052854891498884,-0.1052000527462741
757,0.07202421934136506,0.36123724116647055
758,0.04675811296276393,0.9928520511744467
759,-0.9683816560201777,0.2665376293048324
760,0.8208503709710792,0.5791124625164773
761,-0.1110155342619154,0.9252478821919786
762,0.05120029142016008,0.9245707124445368
763,-0.015106142764965823,0.9844191502384702
764,0.09200630225248536,0.14417701669419417
765,-0.5559600032003273,0.8494899043940672
766,0.9061994448053615,-0.5206945478789573
767,0.1726522394458259,-0.06898279169618543
768,-0.9780530216185626,0.049900787508766635
769,1.7804579432093022,-0.18857232822407716
770,0.9459448002817151,0.43027495584664766
771,-1.0189968290579898,0.2889562115047095
772,-0.7232407982707324,0.629661664746926
773,0.4570389480206293,0.9039980992154024
774,1.431595941264938,-0.39771210264070794
775,1.7547750026391493,-0.21184853266835038
776,1.8245399342015096,0.007799818476645376
777,0.40898496623241004,-0.3137028684337841
778,0.16511823071833742,-0.06997670630437536
779,-0.18222833796598872,0.9386366897064582
780,0.13476625270230497,-0.03665464047924209
781,-0.7808588173959092,0.6742279974808861
782,0.9507008554502513,0.0989444185381184
783,1.125305133322556,-0.5054194936781858
784,0.3448888315224814,-0.15218203482319143
785,-0.7176538678812778,0.6024275639914145
786,1.343564598142702,-0.49447444517074296
787,-0.11909496535970918,0.9983506199953572
788,0.6004751765513161,0.8395100408501688
789,0.42253275129997664,0.8978274643850878
790,0.5135090027222216,-0.36491074973176774
791,1.6546804909425443,-0.2159210223681946
792,0.8003142548349156,0.42495051184872473
793,0.5281489158521945,0.8725647469476852
794,0.9568012128326855,0.25733456038396557
795,1.3995309448755584,-0.3965434386662039
796,0.4853677493864443,0.7891916653864077
797,1.9920823706647954,0.2907533055925302
798,-0.858118476558254,0.6215240490665872
799,0.9091170068274111,0.4342426215579108
800,-0.6643451463959792,0.6635773204655082
801,0.5321899807396401,0.902134945632065
802,0.09659339254267298,0.5855980910123582
803,0.7847090077335783,-0.5177347148511124
804,0.875972426830322,0.5657858407913899
805,0.5803697740788012,0.8117549798508766
806,0.4231701314397721,-0.28195347893879824
807,0.3843597446607793,0.949898022143567
808,1.4008124569966014,-0.3851618223815691
809,0.21310267892789397,0.9165534652413968
810,-0.7550653675470885,0.6404585864784645
811,-0.9548637816171719,0.02094735986582459
812,1.2099532747491464,-0.4892351838877492
813,0.27518216255007966,-0.21541689848893586
814,0.6407135809534756,-0.39982862353877224
815,-0.9152395415229628,0.24795866148783208
816,0.026138693062819712,0.09369609054786987
817,-0.9109438693691484,0.31950905210618785
818,1.9779928479780065,0.1425177631377074
819,1.773643978362376,-0.12657598345289417
820,1.1990895279998726,-0.40560106134490115
821,0.2484477258839706,-0.2124284202811682
822,0.7930945950529729,-0.5105124822720489
823,-0.8603827929935991,0.3490331410528554
824,0.28776131146495176,-0.14672460706750112
825,-0.16287837742187136,1.0505477819493623
826,1.1214904569996813,-0.4367550146847014
827,0.13565416237152755,0.20526641765695897
828,-0.341960402156482,0.9653904686358785
829,0.960104697360058,-0.48032425909593723
830,-0.7296168210123151,0.774076149258666
831,1.5765058149632094,-0.3123363268747118
832,0.9246450855647947,0.18333914528120343
833,-0.8258207738582934,0.5646416075013865
834,1.880857987351703,0.3109067894897398
835,-0.39097835295366,0.9003091766393969
836,1.0146328785213707,0.23630576454033086
837,1.3300196695535895,-0.4975391966997876
838,-0.1999835599602775,0.8427302442213278
839,0.06883096186780799,0.9560104413456105
840,0.5682917414992257,-0.511578082792127
841,1.499814554538666,-0.3463409176199603
842,0.2771271600857827,0.9504321436747332
843,1.6477693218240972,-0.20141685895754372
844,-0.032264215918326594,0.3725448439886528
845,-0.7934074772111706,0.7820968973204275
846,0.34915127902069604,-0.34613326547476836
847,1.21634596266399,-0.5053620174512067
848,1.9951090166542589,0.18452165858547742
849,-0.9437468867657541,0.3027141753426764
850,0.7414949868050601,0.5755994182863735
851,-0.6459287752728962,0.8090713498913297
852,0.5118205723832658,0.7857070271145558
853,1.9706373476514143,0.08115448295497701
854,0.2119578012623178,1.0118599174118503
855,1.983051100796041,0.1697405027806882
856,0.3034415567805983,-0.2679210531708162
857,-0.5249485358846603,0.7572264090660935
858,1.942706745071652,0.22519578569213805
859,0.44254760492757295,-0.33919004790480145
860,0.1779998745839454,1.0318261421248045
861,2.002967761354566,0.4861943935390533
862,-0.003493731069136242,0.2857585914625501
863,-0.4865212924736663,0.8464592338397878
864,-0.8917144110861202,0.25641697435476235
865,1.0914352430231855,-0.5167440943401123
866,-0.5223895861551098,0.7953399559818729
867,1.5408802496854532,-0.4446694255320961
868,-0.5615544356619773,0.8963869937790946
869,0.8492355701410973,-0.4481672310624615
870,1.6995856162079843,-0.14095925236238976
871,1.5769432210661836,-0.34283040095338585
872,0.03983378702737293,0.24470896461840544
873,-0.5949752062142997,0.8427602725529632
874,-0.45409784646112417,0.990509350103465
875,1.8793358601781127,-0.06568318092200731
876,0.6686170413626031,0.7148014183365644
877,-0.4210321736976908,0.8459206688514906
878,0.6024430393310295,0.8463627157176336
879,1.6289761157969438,-0.3208992847596423
880,0.04046193615452365,0.16558167391712605
881,0.8441230879115559,0.5548262271459196
882,0.1577405316224328,0.9845031781334997
883,1.240724130740389,-0.4883419263929583
884,-0.017717501025079192,0.3667439401276967
885,0.3577514566682335,0.8377907560658635
886,0.8693591818605316,0.7310209254792901
887,1.9701762185150684,0.448829878081286
888,-0.8191420485044648,0.46259334832339416
889,1.332832516188507,-0.4522327710851554
890,1.2351525462525306,-0.45572138892376823
891,0.7886490180957901,-0.4879743494595053
892,0.4864080628325361,0.8741443816821424
893,0.0397425678910792,0.17270661463232737
894,-0.9090770146921453,0.4120934622436534
895,0.8292398169548956,0.6083809222401093
896,-0.05895741041298552,0.24301958714804542
897,-0.3801076400842631,0.9524749457172994
898,-1.0585428203015517,0.160403656428027
899,1.9313531466184508,0.5055865049776697
900,0.21488278367892005,-0.06838326580091657
901,1.9869694791953663,0.3572164649307709
902,0.057529715525112775,0.31608925101968083
903,0.03381698076173718,0.34585807914242156
904,1.3289306600254016,-0.437156582255025
905,0.26714258040516065,-0.23975582554709224
906,1.4316431399766116,-0.36050869115760115
907,-0.6712557392448575,0.6822648108170607
908,0.4816317394073493,-0.36277093077564077
909,-0.7881270851208496,0.5487831995962782
910,-0.9286986246249044,0.41860327632102096
911,1.0851106762793412,-0.4968154898397609
912,0.7900930081717082,-0.5054838349796609
913,-0.23860607065135248,1.0564427077133052
914,0.09471417505226663,0.9921633778642519
915,0.8483770262105162,0.813799061208847
916,0.2545265740558063,1.072665491400354
917,1.342319922427556,-0.40308322518796347
918,0.2975316092851112,-0.3467868038264311
919,1.8336313395808688,0.02816228206715548
920,0.40775528544202233,-0.42267621383104503
921,1.001274097298662,0.3578717614035754
922,-0.8221254841487126,0.5643282237641248
923,0.3702413089401887,-0.3701464319176335
924,1.700723295457328,-0.2614724707168353
925,0.9234307759243843,-0.5687245149155029
926,0.6284537467406753,-0.3901224458736856
927,-0.5419335292552697,0.7940452592764473
928,0.0752982051175084,0.5687502052877064
929,0.26952048354527086,-0.2532546577828833
930,-0.21115855994848706,0.9719329413095646
931,0.12840184539132468,0.17850544087218237
932,-0.5203317708290056,0.9392636888736919
933,-0.810517571485399,0.6220213655151315
934,0.13532424888985886,-0.016643184251466568
935,0.1817756671616078,0.9424612264400513
936,-0.1803168675064333,0.9259317725940954
937,0.7388525997065852,0.6885956761998646
938,0.6159870515611223,0.6690502719316704
939,0.542106778468123,0.8182668084156793
940,-1.0668804323262322,-0.017589461799842637
941,1.9952256124232106,0.3089786391614505
942,1.8269705008515833,-0.003103096138552107
943,0.13530010927969865,-0.05293493801958151
944,1.3798364556414742,-0.4651291895977345
945,-0.2783754397885331,1.0486987556294551
946,1.1188868679916533,-0.4341603587013201
947,2.030698167948577,0.4583712668107624
948,1.0276946438324503,0.005907432330833823
949,0.21356856193773371,0.010282750348568015
950,0.9123046218992971,0.5798483172734074
951,0.9047496541904978,0.2627564738690613
952,0.6991765760590947,0.5460704342923514
953,0.9171935081587381,0.5122267959747845
954,1.0501717470112741,0.05676507267821354
955,1.993437816316789,0.4285032049629908
956,0.3041514151139047,-0.20839968578698598
957,-0.7199239615424177,0.6116863766183519
958,0.18189655190794393,-0.04062948870717288
959,0.7349211515271158,0.6813992105393849
960,1.8986448103958649,0.07308531351019795
961,-0.08119798663895711,0.3369112948608593
962,-0.7021845522740026,0.7109378013038379
963,-0.2916897559455478,0.9153831103095482
964,0.1870712539821433,0.9858537767315522
965,0.3749070736302803,-0.32116193763989076
966,1.370419599524896,-0.4162638497295003
967,0.047161838528705084,1.0156632583049428
968,1.8557337566075418,0.035706069964853426
969,2.004070638648215,0.3909300304055191
970,-0.5938796402102442,0.7465583418013622
971,1.1488822577908164,-0.5257310511627582
972,1.989965637893231,0.17116730343327058
973,0.09050936810996914,0.9741355423136163
974,-0.993057655981044,0.22237121554330164
975,0.5971857433058428,0.7809780956742108
976,-0.8027548970226297,0.4434293664013863
977,-0.10775589334660882,0.9688003827251943
978,0.1639661400296546,0.9726765771203403
979,1.397267634286547,-0.3144722846989365
980,-0.94147678400745,0.44759597043892696
981,1.0571711828727732,-0.456858926946599
982,0.20730741924471696,-0.22051671589422406
983,0.7102298298713672,0.7330476393258974
984,1.7609089088543544,-0.021228707364645764
985,-0.659925968349305,0.8183061215677058
986,1.0852886320850446,-0.47027492572371526
987,1.7251393163249173,-0.21093955173108186
988,-1.0110632605970606,0.38805714450920087
989,0.1364810380952101,0.017307937659048207
990,0.7715538163661749,-0.48062589818224477
991,1.6492035361937825,-0.15721999985444918
992,0.8486990847399338,0.5160962626736311
993,0.13003184107679477,0.4013585865040674
994,0.7861579970723317,0.6307412808764528
995,1.003409688922561,-0.49944220660068966
996,-0.5516593352193311,0.7907003663024449
997,0.14556594835758693,-0.014337525649425191
998,-0.6618817125182315,0.7726518580558631
999,-0.13315005245721123,0.9468370572244106
1000,-0.03319721623141534,0.3439672804912431
1001,1.0375664448682755,-0.449060520274512
1002,0.9457332659095661,-0.5788928458329204
1003,1.933063707343229,0.18393330898231608
1004,0.8455515442235321,-0.40586638224117877
1005,0.928706776046321,-0.06978967080221722
1006,0.555143028412393,0.8931595029580954
1007,0.3568224022971048,-0.19701265570607776
1008,-0.8099912821874071,0.5674022600560958
1009,0.4394017639052621,-0.3921177764364806
1010,0.8313885689963602,0.31957053782110373
1011,0.06242964817238727,1.0334535125236464
1012,-1.0400026892658516,0.1267862991746894
1013,-0.321540447162911,0.9686624024725662
1014,0.9888404166247813,-0.464900048398489
1015,2.0174998709644267,0.25946007537010984
1016,-0.6355476283660806,0.7553241899546889
1017,1.563388540641757,-0.331651551406774
1018,0.9094919593180071,-0.4896120996074722
1019,1.7964181539268675,-0.2506520124012746
1020,0.9580740298130954,0.10070242285667294
1021,0.8900817025884736,0.4743694500219598
1022,0.7152595537624703,-0.4713427473083619
1023,0.7382631917273844,0.6348131804687666
1024,-0.03901686881076151,0.20818733178642468
1025,1.8843814130846974,0.3838678368857111
1026,0.8848899375445236,0.22830630894145204
1027,0.5349170150975596,-0.46123729681328623
1028,1.9619371466579736,0.22743004820203788
1029,1.2816149072731995,-0.4817544110073904
1030,0.9650183377992416,0.4820699689818683
1031,1.331365440987151,-0.47371187812100923
1032,1.8818040957518103,-0.011529659410858123
1033,1.433912504257874,-0.3760116491410221
1034,1.0134968374306708,0.077642587535117
1035,1.2655467059465926,-0.5150362887223443
1036,0.382862225532797,0.9664547958403205
1037,-0.9689379207072477,0.2716705422701532
1038,0.17982918466055337,-0.08516825520369846
1039,1.4850617194501965,-0.3867567627605546
1040,0.8020434650486588,-0.5283935326014438
1041,-0.9736122602355839,0.3847945587072713
1042,-0.670372510896135,0.7003018862740413
1043,0.2014491354133699,-0.04355036618432606
1044,1.509934229325129,-0.3442053279906887
1045,0.4023906873626273,0.9018757024927624
1046,1.054053421109988,-0.44920063022794327
1047,0.45192418149442265,-0.2783110404117961
1048,-0.7262787355640742,0.7512008577610005
1049,0.37679504421007126,-0.33470813234873287
1050,-0.2668106736590958,1.0314386847325159
1051,0.6153544207956053,0.867310668001371
1052,0.41616456704502625,-0.3692521722505874
1053,1.597764084788607,-0.29517801585601805
1054,1.9746219311268196,0.12404145351900328
1055,0.66125584207121,0.7695028424872333
1056,0.29042264977340304,0.8669250409049784
1057,0.39885969802156185,0.9960133732955547
1058,1.0097281627760448,0.2468470282491155
1059,-1.0105084402698041,0.1387083763752029
1060,-0.3514341500563683,0.9565738543472495
1061,0.16927342674007875,-0.12298113359638359
1062,2.0189299917830152,0.42538458212626057
1063,0.34327190264537183,-0.3184982474481241
1064,0.4814056120718147,-0.2878439237920032
1065,-0.5161137480062141,0.8603983384473776
1066,0.9401417689533657,0.23956617007027103
1067,0.9510793394099514,0.4286894217997642
1068,-0.058513048025490406,0.8914404837664008
1069,0.7368938078194923,-0.49642192450691025
1070,1.6557198514839815,-0.10638857501745264
1071,1.86977189803851,0.05802500371183053
1072,-1.0272783778882357,0.21825987025267762
1073,-1.0472856654392584,-0.0048323669574141595
1074,0.6134477489352771,-0.4290627665983378
1075,1.4533925015600608,-0.44966880669954506
1076,-0.00467073571873279,0.5014188139929953
1077,2.07478671930029,0.4669614896554711
1078,1.461214006311085,-0.3624547706229416
1079,1.9162117164957044,0.3673075062232644
1080,1.1840065770529515,-0.43936280946523343
1081,-0.48867139301283735,0.9127945551233483
1082,1.8615060123314862,-0.0940166578713982
1083,0.9771203777977346,0.14768884295342055
1084,-0.8048325093840174,0.6165014949342603
1085,-0.9132783917081166,0.2607800451609079
1086,-0.9285684313124235,0.3761933426091052
1087,1.742082581949269,-0.18986676637755076
1088,0.6698490650843296,-0.41733168494442385
1089,-0.007588734491334778,1.0259896665588284
1090,1.3244278627425348,-0.4594002881417281
1091,1.9810372622064156,0.15116883451556698
1092,-0.9540250765424094,0.3167064282459964
1093,0.20375701633513144,0.9451517937063019
1094,1.5488019559588047,-0.38247309216535175
1095,-0.9382460108385149,0.6188687713644645
1096,0.88613366085542,0.4220332499141376
1097,0.726101146794324,-0.3862657188913856
1098,-0.27012722779386344,0.9853205501187138
1099,0.10442217285444096,-0.13345231311754663
1100,1.9361397198349395,0.03991520792354679
1101,0.22478135092765775,-0.12427696138814623
1102,0.13292006727397565,0.12124431823332095
1103,0.6596390715395097,0.7156097893730877
1104,0.11369406333606434,0.25150950134327194
1105,0.8210681453938723,0.6404896684786161
1106,0.04430480276428987,0.22817473773894115
1107,1.6389614304447528,-0.2838781914960936
1108,-0.8144584884427788,0.6925661533853038
1109,-0.5732724357853775,0.8610186297813582
1110,-1.0978587617399886,0.20831163601567293
1111,0.3583817926732456,-0.3330008901409959
1112,0.2304439908934683,-0.19748860872207008
1113,1.2480634058900204,-0.43539162746652826
1114,-0.5450267204374543,0.8367181407920716
1115,1.982505552418661,0.18164144871435245
1116,0.829881319239266,-0.4486084545905989
1117,0.8626886897866036,0.48612015073883896
1118,-0.7094004649337935,0.638725011368168
1119,-1.030416496034516,0.08713020336383343
1120,0.7611860133638242,0.7031812993601569
1121,-0.9756950840316477,0.569207297489406
1122,0.9911632539839914,0.23311195240194266
1123,0.08494841529006757,0.09836805811978366
1124,-0.6598485049044834,0.7925168837305174
1125,0.40560115338198066,-0.3528365324346758
1126,-0.4333186707402587,0.9191187294509534
1127,1.951574078197978,0.1632451825673007
1128,1.0483817829358828,-0.5024835267293775
1129,0.036602498661301205,0.03565687351697014
1130,1.855756135203222,-0.04657341064797345
1131,0.9183029219261591,0.2905472313181413
1132,0.91707508711366,0.38646643138140246
1133,1.8731883568814884,0.05915556924155414
1134,0.7331214088795709,0.5954337352345752
1135,0.6362296246325565,-0.3138580571842619
1136,-0.5300676768158019,0.8201342687208801
1137,-0.02040010809304791,1.0668365205965769
1138,-0.06533658970333733,1.0665759076317518
1139,0.11994932731210367,1.0075437543296453
1140,0.5139508420199168,0.6689819880033773
1141,0.13201259862502557,0.9507035893027462
1142,1.122783027886797,-0.46261437044560766
1143,1.4551742122412976,-0.43034445159175627
1144,0.051310048164811946,0.9969319508866449
1145,2.0235818046569483,0.13634202753676383
1146,0.9909684114091771,-0.49745928854606825
1147,-0.21221491969548126,1.0512544768745626
1148,0.479559923268348,-0.3189411505531731
1149,1.8577196298431775,-0.0691784662546629
1150,0.7815187812005868,0.4511879190776106
1151,0.9503278087936217,-0.4952862099290896
1152,0.7488774695633527,0.7226246341701705
1153,1.9087182506348246,0.11573118278546259
1154,-0.7034448654994451,0.7863604961388214
1155,-0.9935765056956513,0.26783772297174946
1156,0.9579299622741118,0.2850679021157289
1157,0.8250606554460338,-0.3852325335363376
1158,-0.226800670180737,0.8651421147137011
1159,0.3243404901237599,-0.21071280557031868
1160,1.2341626798576768,-0.4403943468394335
1161,1.9339830407543872,0.1515037550734399
1162,0.7573665332245612,-0.3495449184036525
1163,1.0524566449228983,-0.016826619507498364
1164,-0.2723516452308364,0.9508394177089
1165,0.4868452994357855,0.8533552981691784
1166,2.0070125289464764,0.08945136544525947
1167,0.40721905986687534,1.0267871433591953
1168,1.0512807180578536,0.021769502478431225
1169,1.8849782172014617,0.045496756085722456
1170,0.054202621334579204,-0.06448857646097796
1171,0.23002569283164181,-0.17843115776726176
1172,0.14525312902319046,0.012663529324379115
1173,0.01230089678136851,0.38717916226086724
1174,1.9332702803904545,-0.010589568743055389
1175,0.06965950512107834,0.9453178622892581
1176,0.5980115626833711,0.8361338740746365
1177,-0.03219996012819158,0.982678977770151
1178,-0.8913358880039896,0.5711905010883186
1179,-1.0400298027526802,0.12454408767039683
1180,0.8999259345731426,0.29949905389846065
1181,1.706865084018429,-0.21276678383066702
1182,0.19778772569835268,-0.022089554936797432
1183,0.5014097165096161,-0.3488021969720868
1184,-0.7728475761942677,0.6944854773712658
1185,0.8567318928507829,-0.4356526492813536
1186,1.9205927636677829,0.17638168043259309
1187,0.43668679741562455,0.9538219849455112
1188,-0.9256904437991311,0.3349484802031144
1189,-0.640461831328095,0.7420050776810015
1190,0.20065421257007568,1.04162160501962
1191,0.4580010841372111,-0.42627325326773463
1192,-0.0309308214684929,0.5073289674019444
1193,0.3783490811109769,0.9883360710577709
1194,-0.8381860015721376,0.6817073871335309
1195,-0.9061704369029017,0.08474590311792823
1196,0.6285070065285185,0.8959186557133554
1197,-0.5061614340935174,0.8542445076654112
1198,0.5813869433267196,0.8420577205665024
1199,-0.024704610535880522,0.2832403088388113
1200,-1.0142387504661712,0.19585124023426143
1201,0.04257904493430029,0.2924260476210969
1202,0.06442246585334946,0.18929059932425357
1203,0.14647010803311078,0.12290844345083031
1204,0.9501460009746325,0.36084186489414977
1205,-0.01248812853212558,0.33046880814542934
1206,1.1934556284600144,-0.5661651005837398
1207,0.19702339574515843,-0.12201901373473753
1208,1.042224668571028,-0.4277425539394944
1209,0.11401179174185058,-0.010753916638413519
1210,-0.989788202383524,0.3340950767079044
1211,0.25670890383680833,1.0012122789051978
1212,2.0572141108630095,0.23352788819129505
1213,-0.6561141544692157,0.798316514702102
1214,-0.7397615772670597,0.7123993328812211
1215,0.44713330533595624,0.937486629579394
1216,-0.8385156591883445,0.5585832311429443
1217,-0.18794459276669767,0.8848203739172223
1218,0.8289221421131463,0.5744407413466476
1219,0.7514693112358297,0.7459924211769292
1220,-0.7548680474510956,0.5713320809285948
1221,0.8665162002919695,-0.500334265184335
1222,0.791329798350089,0.47794547871456117
1223,1.6304041370079525,-0.2137851055209716
1224,0.881514929150579,0.10141838909537396
1225,0.7473498834208919,0.6407185838781239
1226,-0.461473635781324,0.796809702383082
1227,0.458101959792711,-0.3475085124302499
1228,0.28032242739227137,0.9737167913508077
1229,-0.9917540092817075,-0.05416807617101721
1230,1.1687954605040465,-0.49666400489118406
1231,-0.18569730794871078,0.9811257313845758
1232,0.09142480857035849,-0.02961567703557398
1233,-1.0027060266730317,0.18851615431770583
1234,0.6042347123386833,0.8361162956193937
1235,0.6626602770546786,0.6400974795135213
1236,0.8729002616508659,0.4525231013029304
1237,-0.36411947802134326,0.9869807505704747
1238,0.06967019704788857,0.9886586487034944
1239,0.03811070609351927,0.3623217265114534
1240,0.09114195266040466,0.2718835044651665
1241,1.212214696721766,-0.37030887759313336
1242,-0.7419389541303113,0.8046382015791398
1243,0.7597870806620283,-0.430189271375075
1244,0.40919090540090064,-0.31025148952384507
1245,-0.5020367209961822,0.8995049429416506
1246,1.6448890779658978,-0.32653274109222596
1247,1.091464131583058,0.046707980430763706
1248,-0.9697313528107394,0.18522025085898985
1249,-0.9803906369270169,0.4003812444988068
1250,-0.09035292939588291,0.9995776987712162
1251,1.4425443406944303,-0.35720130090546126
1252,0.915711547376536,-0.5199993812440183
1253,1.8415498959272976,0.04481242069885756
1254,0.18575289870265638,1.1240530858709834
1255,1.8162957350194189,0.033497543978254454
1256,0.7240834234472618,0.5378699478919237
1257,-1.0268113296353334,0.10563111889581445
1258,1.7077820597080509,-0.24998963250937706
1259,0.6103173495977863,-0.317498215818399
1260,0.885827991926548,0.4934520373615683
1261,0.9104158046685031,0.3184788229382264
1262,1.6653489170159057,-0.2692476094451837
1263,0.8217509998931918,-0.4218584421056596
1264,0.3446332504570849,0.9712791982424972
1265,-0.48828829580204425,0.868066764806672
1266,0.34299842353661514,0.9739004085997052
1267,0.6421319011550942,-0.41087757981861067
1268,0.914177461882074,-0.502678363138876
1269,0.12347350564835469,-0.14747809937915335
1270,-0.2654525969047063,0.9521844563990275
1271,0.5589654843914695,-0.38834768807610376
1272,0.2753797713337063,-0.2236105027369236
1273,1.5706531288534935,-0.17803669029317695
1274,0.7229900033698222,-0.4311941230614874
1275,0.49916779732294025,0.898484962385305
1276,1.740819248257441,-0.0574010148684696
1277,-0.672383040305933,0.7088229193935565
1278,-0.6259923476451826,0.8861943877837819
1279,0.6195196562942922,0.8081543208274442
1280,1.9671929550246117,0.41960093902949536
1281,0.9335724717643331,-0.5794659613099806
1282,-0.005783724709834501,0.9333817361304778
1283,-0.7873416598738462,0.6989090480707892
1284,1.614838501715281,-0.3374301941894062
1285,-0.66994208081256,0.7374835899590466
1286,1.113769209360909,-0.5206447046707439
1287,1.7279777953457522,-0.13917650992003042
1288,0.8230497297571675,-0.4895897444312282
1289,0.031144350646454228,0.3243548886647486
1290,-0.09218365006090233,0.4300571994848455
1291,-0.4942537855480638,0.8604717215126897
1292,0.025786890086987518,0.30278046668656516
1293,0.9826939197254224,0.47274047397934243
1294,0.04642096354905657,1.0417421289063573
1295,1.87284329457189,-0.013278830809490952
1296,0.010976967861979733,0.4143832507332516
1297,0.1686114560805318,-0.05841625866353649
1298,-0.962614439724547,0.3084250284488349
1299,-0.9131791651073065,0.5209270092760316
1300,0.3981222681602632,0.9267600468320949
1301,-0.8148568486351411,0.23234443256923082
1302,-0.9711804329864547,0.14648237311751072
1303,0.11062181477560012,0.9186365123979892
1304,0.7925416358021519,-0.4807622091234149
1305,0.1582169353268512,0.9153969402474746
1306,-0.8748479472218502,0.28886853881371605
1307,-0.6419132462101618,0.7920223418173202
1308,0.2999033017492676,-0.2289708923452037
1309,0.6720765211214035,0.7339063763517857
1310,2.0234021232305777,0.3734943041912713
1311,0.16416268763018677,0.10753915826549637
1312,-0.4084355217997288,0.9784233576666116
1313,0.7608210023399776,0.6428465524076732
1314,0.3624640778955964,-0.37031705518049995
1315,0.9449623270331288,0.13537052205162747
1316,-0.27806357456180425,1.0053797210801654
1317,0.01907585307098032,0.9400548609196315
1318,-0.3682467020933864,0.9502424720376992
1319,-0.555930083254673,0.7447369835232631
1320,-0.46780910972038475,0.8397407192054777
1321,1.063296257902733,0.25765891718553985
1322,-1.0573477456357367,0.05251782293087846
1323,0.23835337269919998,0.9591373515354685
1324,0.10706055977360439,0.977569190060233
1325,1.46273065129472,-0.4320088570541586
1326,0.7730322836864023,0.7221594250628044
1327,-0.986251915349658,0.3226306872783614
1328,1.7690501504667575,-0.059594827594928006
1329,2.010240883918283,0.294148958184857
1330,-1.0176984227684276,0.2210440333807967
1331,0.05498734331173193,1.0003994395920195
1332,1.7107927481236251,-0.240438575360497
1333,-0.020953462541859806,0.9882064281548782
1334,0.07332009192706512,0.3048626039892236
1335,-0.9448697425769504,0.3951285857451421
1336,1.6430799239443727,-0.32428276438662085
1337,1.1507289752005339,-0.506272373515319
1338,1.890517725798466,0.13732745643575772
1339,0.09513224655892819,1.0200588937244521
1340,-0.48757873776833627,0.8015939111603281
1341,1.4407163429725744,-0.36907121067518966
1342,1.9927542540501633,0.15079579779422234
1343,0.8544440128470002,0.45210496438631576
1344,0.8526271784501221,0.5637974435786595
1345,1.364093111540505,-0.43353424108084476
1346,1.257850356022103,-0.45526616229528694
1347,2.0067939695503356,0.1850488964620668
1348,-0.7111009234549044,0.7338525164651336
1349,-0.8061325441225603,0.5599614474540524
1350,-0.5647840958557896,0.7672630858914821
1351,-0.5066907630874882,0.8551160467755199
1352,-0.18098409782528108,1.0508288010348283
1353,1.6110677789784957,-0.28643658805580274
1354,-1.0311952420071588,0.059528839418838284
1355,0.19380912250477517,0.027206575307720166
1356,-0.682916927697085,0.6736922608829224
1357,0.22586897970617556,-0.09335166954778157
1358,0.7774574813276015,0.65006948065781
1359,0.3472388959069422,-0.10338915618746122
1360,0.0345786494191993,0.024863599588093154
1361,1.4747351839567957,-0.308386822366422
1362,0.9871507083263782,-0.010804110641064887
1363,0.3296322559781749,1.0700627422332774
1364,1.9034445060973422,0.11504510044319555
1365,0.37525108425459525,-0.3269313544400687
1366,-0.0851551050103788,1.0165289119502292
1367,1.9962302306733266,0.3361089372003373
1368,0.8328974793807737,0.3802278887664994
1369,0.8811799331262447,0.47013222929454596
1370,-0.9340484334123206,0.46230727225317986
1371,1.5907683262819627,-0.23106111885834718
1372,-0.07392188556698505,0.9741219709542861
1373,0.3062187025529595,-0.18865059017602218
1374,0.4779676365725629,0.8543479330204095
1375,0.5406329052882759,-0.43491196362290707
1376,1.9923528274429374,0.30772585613096043
1377,-0.7500157836129479,0.7124150211673725
1378,1.9346800735580083,0.40050739476680974
1379,1.5566551872680658,-0.3789068687562023
1380,0.3929685162593162,0.8868635918033342
1381,0.5491060935730758,-0.4044507176823432
1382,1.712791338339547,-0.19509637067936386
1383,0.4592770422649336,-0.31483953082576105
1384,1.5881268071700472,-0.38560537397984607
1385,-0.004599308709774602,0.3700876312753859
1386,0.046514802954997964,-0.029063838480391006
1387,-1.0029966079564838,0.18585233568662043
1388,-0.08544212217969133,0.9580866736799587
1389,1.880020813469326,0.02846142039689084
1390,0.40669083099583997,-0.2642308638968589
1391,-0.24256848843846027,0.9385579293762132
1392,1.0005374503707025,-0.5318941108132033
1393,-1.013757619321785,0.03788741464602108
1394,1.0307381454601015,0.17711613572020846
1395,1.649655768400531,-0.30329137424573976
1396,0.8708745973395943,0.6166068517561908
1397,-0.278453463342002,0.9662723098230223
1398,0.9663987391357467,0.14240377024816636
1399,0.24132372694534907,0.9336043969604271
1400,-0.7121685014489887,0.684406448601105
1401,0.21190690427373665,-0.06888079236725554
1402,-0.7151568131513292,0.6151787525115762
1403,-0.017950220164959035,1.0522235515858713
1404,0.6391655634747897,0.7904291289682249
1405,0.10246676587785969,0.18303044477357297
1406,0.27221636768326946,0.98290689918996
1407,0.4905556911514316,0.8427316566676912
1408,-0.03246931896652945,0.996221416397383
1409,0.9503859368576403,0.1692492855281231
1410,0.1493277980379265,0.06763358853888443
1411,-0.5209455408971279,0.8042160177783478
1412,0.9180794979389062,0.46925746182511263
1413,-0.31387699978337197,1.0085499370177051
1414,0.3182256553116907,0.9833025405191538
1415,-0.828398690893112,0.3690041544707878
1416,0.9818608415067925,0.15157775760234407
1417,1.2218904981563352,-0.5307693701706377
1418,1.1384692664948988,-0.5209918263736747
1419,1.8363716971149995,0.12614930544295638
1420,-0.43626252050384084,0.7939199890219533
1421,1.6969436892087302,-0.04380239150118237
1422,1.8132729336248168,-0.13181202208279286
1423,0.0429010245009087,0.08592382760221882
1424,0.611738720917729,-0.31540157184499745
1425,0.7091996746373452,0.7474586970350784
1426,-0.6583467810236691,0.8300296862072386
1427,-0.9353465079818519,0.0829814009318471
1428,-1.0456256174790488,0.10883147494810118
1429,1.9569253438719652,0.1184474405628832
1430,0.5801789983701459,-0.5051531079141576
1431,-0.37030455020887904,0.9374307175796425
1432,0.9834449779290799,0.28557233400554194
1433,1.0912959761964902,-0.5540358599557169
1434,0.07578537895611825,1.0146641157033138
1435,-0.9798614546576353,0.1618919070939001
1436,1.523592140428096,-0.2940732381525303
1437,0.9420190602535721,0.15760588907728634
1438,0.8123966383653854,0.6704145497046481
1439,0.07414867634634772,0.06826724286670212
1440,1.7574262560551446,-0.17028292502335923
1441,1.8054173078195543,-0.015283670935513832
1442,1.3765969582962725,-0.501514620572473
1443,1.9367809453174498,0.36929880818840616
1444,1.4364412566641813,-0.3124651236883164
1445,-0.2699079552775017,0.9605663101849228
1446,0.9192039736994779,0.49170613199919444
1447,1.8011783494206695,-0.08856044834289775
1448,0.06919266311710616,0.2833346892203785
1449,-0.8250955780730038,0.5059659937320434
1450,-0.9960516391097052,0.1016869951684361
1451,1.9538464882255253,0.5201620445505057
1452,0.24411815597368042,-0.07313516719504107
1453,0.12143188720500206,-0.054437767217928014
1454,1.04399737442089,-0.4869705812355179
1455,0.08778467086492717,0.33698251412344027
1456,1.8173779444792926,0.016372214018889324
1457,0.06732329407361778,0.9326421642953401
1458,1.4951586860206676,-0.35533469512798915
1459,1.0006290212436024,0.2568063974379385
1460,-0.050768026497026456,0.9158662484749401
1461,0.22510773442742554,-0.2698040942007992
1462,-0.7029994917484739,0.8076436038864655
1463,1.0610593270346906,0.33355301014708094
1464,1.9669997487760438,0.20886932866776417
1465,-0.9381831817880857,0.42830339930935807
1466,1.7143801209536562,-0.13798326169460723
1467,1.8878602706661405,-0.004557380165234325
1468,-0.8396765760777654,0.5664814800390466
1469,1.0085151496774394,-0.49943572518145307
1470,1.2804384022105841,-0.3863957405572831
1471,-0.9252575343309954,0.4254156932034248
1472,0.8428735709809299,-0.47626191795764006
1473,1.5597419804078163,-0.33057921613869684
1474,1.9639235506063553,0.2881416083781533
1475,1.8847795294938936,0.5405973478044039
1476,-0.8837224947501062,0.21954712803588528
1477,-0.8676879382540317,0.389877177921628
1478,-0.1346748602510082,0.9542115419786178
1479,0.025311509495800688,0.07120415169744795
1480,1.607299130922402,-0.22055220109785847
1481,1.9964166880230305,0.2996075970435706
1482,0.9246767445215419,0.11711887222934377
1483,0.6779627130765953,0.6725441296717463
1484,0.8202405968646393,0.5748478518493175
1485,0.2069000495920605,-0.15777396685049505
1486,1.3501643219689765,-0.4171760355036284
1487,-0.19174444163822102,0.9220279077844966
1488,0.16111183393633635,1.0460514545572692
1489,-0.9212774927284099,0.5684423579263578
1490,0.9620477032180322,0.3011433258533289
1491,0.06165834772576313,0.419735274413278
1492,1.815729366617596,-0.12125041652954255
1493,0.3415818033665865,-0.2711305941621039
1494,-0.4734185836825486,0.821075994674191
1495,1.0522605859752305,-0.4950582885976122
1496,0.6842565969336737,0.66037618869599
1497,-0.9141140600541575,0.35803534023284783
1498,0.8575693946379473,-0.4632001762970333
1499,0.8537761977071823,0.42719276950300944
